"Honeypot Attacks - Top 10","@timestamp per 12 hours"," "
Cowrie,"2025-03-15 00:00","-"
Cowrie,"2025-03-15 12:00","-"
Cowrie,"2025-03-16 00:00","-"
Cowrie,"2025-03-16 12:00","-"
Cowrie,"2025-03-17 00:00","-"
Cowrie,"2025-03-17 12:00","-"
Cowrie,"2025-03-18 00:00","-"
Cowrie,"2025-03-18 12:00","-"
Cowrie,"2025-03-19 00:00","-"
Cowrie,"2025-03-19 12:00","-"
Cowrie,"2025-03-20 00:00","-"
Cowrie,"2025-03-20 12:00","-"
Cowrie,"2025-03-21 00:00","-"
Cowrie,"2025-03-21 12:00","-"
Cowrie,"2025-03-22 00:00","-"
Cowrie,"2025-03-22 12:00","-"
Cowrie,"2025-03-23 00:00","-"
Cowrie,"2025-03-23 12:00","-"
Cowrie,"2025-03-24 00:00","-"
Cowrie,"2025-03-24 12:00","-"
Cowrie,"2025-03-25 00:00","-"
Cowrie,"2025-03-25 12:00","-"
Cowrie,"2025-03-26 00:00","-"
Cowrie,"2025-03-26 12:00","-"
Cowrie,"2025-03-27 00:00","-"
Cowrie,"2025-03-27 12:00","-"
Cowrie,"2025-03-28 00:00","-"
Cowrie,"2025-03-28 12:00","-"
Cowrie,"2025-03-29 00:00","-"
Cowrie,"2025-03-29 12:00","-"
Cowrie,"2025-03-30 00:00","-"
Cowrie,"2025-03-30 12:00","-"
Cowrie,"2025-03-31 00:00","-"
Cowrie,"2025-03-31 12:00","-"
Cowrie,"2025-04-01 00:00",5k
Cowrie,"2025-04-01 12:00",10k
Cowrie,"2025-04-02 00:00",27k
Cowrie,"2025-04-02 12:00",20k
Cowrie,"2025-04-03 00:00",94k
Cowrie,"2025-04-03 12:00",13k
Cowrie,"2025-04-04 00:00",14k
Cowrie,"2025-04-04 12:00",22k
Cowrie,"2025-04-05 00:00",12k
Cowrie,"2025-04-05 12:00",13k
Cowrie,"2025-04-06 00:00",14k
Cowrie,"2025-04-06 12:00",22k
Cowrie,"2025-04-07 00:00",11k
Cowrie,"2025-04-07 12:00",13k
Cowrie,"2025-04-08 00:00",13k
Cowrie,"2025-04-08 12:00",16k
Cowrie,"2025-04-09 00:00",15k
Cowrie,"2025-04-09 12:00",16k
Cowrie,"2025-04-10 00:00",13k
Cowrie,"2025-04-10 12:00",16k
Cowrie,"2025-04-11 00:00",12k
Cowrie,"2025-04-11 12:00",11k
Cowrie,"2025-04-12 00:00",14k
Cowrie,"2025-04-12 12:00",13k
Cowrie,"2025-04-13 00:00",14k
Cowrie,"2025-04-13 12:00",14k
Cowrie,"2025-04-14 00:00",6k
Honeytrap,"2025-03-15 00:00","-"
Honeytrap,"2025-03-15 12:00","-"
Honeytrap,"2025-03-16 00:00","-"
Honeytrap,"2025-03-16 12:00","-"
Honeytrap,"2025-03-17 00:00","-"
Honeytrap,"2025-03-17 12:00","-"
Honeytrap,"2025-03-18 00:00","-"
Honeytrap,"2025-03-18 12:00","-"
Honeytrap,"2025-03-19 00:00","-"
Honeytrap,"2025-03-19 12:00","-"
Honeytrap,"2025-03-20 00:00","-"
Honeytrap,"2025-03-20 12:00","-"
Honeytrap,"2025-03-21 00:00","-"
Honeytrap,"2025-03-21 12:00","-"
Honeytrap,"2025-03-22 00:00","-"
Honeytrap,"2025-03-22 12:00","-"
Honeytrap,"2025-03-23 00:00","-"
Honeytrap,"2025-03-23 12:00","-"
Honeytrap,"2025-03-24 00:00","-"
Honeytrap,"2025-03-24 12:00","-"
Honeytrap,"2025-03-25 00:00","-"
Honeytrap,"2025-03-25 12:00","-"
Honeytrap,"2025-03-26 00:00","-"
Honeytrap,"2025-03-26 12:00","-"
Honeytrap,"2025-03-27 00:00","-"
Honeytrap,"2025-03-27 12:00","-"
Honeytrap,"2025-03-28 00:00","-"
Honeytrap,"2025-03-28 12:00","-"
Honeytrap,"2025-03-29 00:00","-"
Honeytrap,"2025-03-29 12:00","-"
Honeytrap,"2025-03-30 00:00","-"
Honeytrap,"2025-03-30 12:00","-"
Honeytrap,"2025-03-31 00:00","-"
Honeytrap,"2025-03-31 12:00","-"
Honeytrap,"2025-04-01 00:00",2k
Honeytrap,"2025-04-01 12:00",19k
Honeytrap,"2025-04-02 00:00",6k
Honeytrap,"2025-04-02 12:00",8k
Honeytrap,"2025-04-03 00:00",7k
Honeytrap,"2025-04-03 12:00",7k
Honeytrap,"2025-04-04 00:00",10k
Honeytrap,"2025-04-04 12:00",8k
Honeytrap,"2025-04-05 00:00",10k
Honeytrap,"2025-04-05 12:00",8k
Honeytrap,"2025-04-06 00:00",10k
Honeytrap,"2025-04-06 12:00",8k
Honeytrap,"2025-04-07 00:00",6k
Honeytrap,"2025-04-07 12:00",8k
Honeytrap,"2025-04-08 00:00",6k
Honeytrap,"2025-04-08 12:00",6k
Honeytrap,"2025-04-09 00:00",7k
Honeytrap,"2025-04-09 12:00",9k
Honeytrap,"2025-04-10 00:00",22k
Honeytrap,"2025-04-10 12:00",6k
Honeytrap,"2025-04-11 00:00",8k
Honeytrap,"2025-04-11 12:00",6k
Honeytrap,"2025-04-12 00:00",54k
Honeytrap,"2025-04-12 12:00",9k
Honeytrap,"2025-04-13 00:00",8k
Honeytrap,"2025-04-13 12:00",7k
Honeytrap,"2025-04-14 00:00",2k
Dionaea,"2025-03-15 00:00","-"
Dionaea,"2025-03-15 12:00","-"
Dionaea,"2025-03-16 00:00","-"
Dionaea,"2025-03-16 12:00","-"
Dionaea,"2025-03-17 00:00","-"
Dionaea,"2025-03-17 12:00","-"
Dionaea,"2025-03-18 00:00","-"
Dionaea,"2025-03-18 12:00","-"
Dionaea,"2025-03-19 00:00","-"
Dionaea,"2025-03-19 12:00","-"
Dionaea,"2025-03-20 00:00","-"
Dionaea,"2025-03-20 12:00","-"
Dionaea,"2025-03-21 00:00","-"
Dionaea,"2025-03-21 12:00","-"
Dionaea,"2025-03-22 00:00","-"
Dionaea,"2025-03-22 12:00","-"
Dionaea,"2025-03-23 00:00","-"
Dionaea,"2025-03-23 12:00","-"
Dionaea,"2025-03-24 00:00","-"
Dionaea,"2025-03-24 12:00","-"
Dionaea,"2025-03-25 00:00","-"
Dionaea,"2025-03-25 12:00","-"
Dionaea,"2025-03-26 00:00","-"
Dionaea,"2025-03-26 12:00","-"
Dionaea,"2025-03-27 00:00","-"
Dionaea,"2025-03-27 12:00","-"
Dionaea,"2025-03-28 00:00","-"
Dionaea,"2025-03-28 12:00","-"
Dionaea,"2025-03-29 00:00","-"
Dionaea,"2025-03-29 12:00","-"
Dionaea,"2025-03-30 00:00","-"
Dionaea,"2025-03-30 12:00","-"
Dionaea,"2025-03-31 00:00","-"
Dionaea,"2025-03-31 12:00","-"
Dionaea,"2025-04-01 00:00",500
Dionaea,"2025-04-01 12:00",1k
Dionaea,"2025-04-02 00:00",11k
Dionaea,"2025-04-02 12:00",4k
Dionaea,"2025-04-03 00:00",9k
Dionaea,"2025-04-03 12:00",8k
Dionaea,"2025-04-04 00:00",5k
Dionaea,"2025-04-04 12:00",4k
Dionaea,"2025-04-05 00:00",1k
Dionaea,"2025-04-05 12:00",4k
Dionaea,"2025-04-06 00:00",1k
Dionaea,"2025-04-06 12:00",1k
Dionaea,"2025-04-07 00:00",2k
Dionaea,"2025-04-07 12:00",1k
Dionaea,"2025-04-08 00:00",3k
Dionaea,"2025-04-08 12:00",2k
Dionaea,"2025-04-09 00:00",5k
Dionaea,"2025-04-09 12:00",6k
Dionaea,"2025-04-10 00:00",8k
Dionaea,"2025-04-10 12:00",8k
Dionaea,"2025-04-11 00:00",2k
Dionaea,"2025-04-11 12:00",1k
Dionaea,"2025-04-12 00:00",4k
Dionaea,"2025-04-12 12:00",1k
Dionaea,"2025-04-13 00:00",1k
Dionaea,"2025-04-13 12:00",1k
Dionaea,"2025-04-14 00:00",850
Heralding,"2025-03-15 00:00","-"
Heralding,"2025-03-15 12:00","-"
Heralding,"2025-03-16 00:00","-"
Heralding,"2025-03-16 12:00","-"
Heralding,"2025-03-17 00:00","-"
Heralding,"2025-03-17 12:00","-"
Heralding,"2025-03-18 00:00","-"
Heralding,"2025-03-18 12:00","-"
Heralding,"2025-03-19 00:00","-"
Heralding,"2025-03-19 12:00","-"
Heralding,"2025-03-20 00:00","-"
Heralding,"2025-03-20 12:00","-"
Heralding,"2025-03-21 00:00","-"
Heralding,"2025-03-21 12:00","-"
Heralding,"2025-03-22 00:00","-"
Heralding,"2025-03-22 12:00","-"
Heralding,"2025-03-23 00:00","-"
Heralding,"2025-03-23 12:00","-"
Heralding,"2025-03-24 00:00","-"
Heralding,"2025-03-24 12:00","-"
Heralding,"2025-03-25 00:00","-"
Heralding,"2025-03-25 12:00","-"
Heralding,"2025-03-26 00:00","-"
Heralding,"2025-03-26 12:00","-"
Heralding,"2025-03-27 00:00","-"
Heralding,"2025-03-27 12:00","-"
Heralding,"2025-03-28 00:00","-"
Heralding,"2025-03-28 12:00","-"
Heralding,"2025-03-29 00:00","-"
Heralding,"2025-03-29 12:00","-"
Heralding,"2025-03-30 00:00","-"
Heralding,"2025-03-30 12:00","-"
Heralding,"2025-03-31 00:00","-"
Heralding,"2025-03-31 12:00","-"
Heralding,"2025-04-01 00:00",16
Heralding,"2025-04-01 12:00",19
Heralding,"2025-04-02 00:00",16
Heralding,"2025-04-02 12:00",361
Heralding,"2025-04-03 00:00",316
Heralding,"2025-04-03 12:00",757
Heralding,"2025-04-04 00:00",341
Heralding,"2025-04-04 12:00",558
Heralding,"2025-04-05 00:00",574
Heralding,"2025-04-05 12:00",559
Heralding,"2025-04-06 00:00",571
Heralding,"2025-04-06 12:00",610
Heralding,"2025-04-07 00:00",571
Heralding,"2025-04-07 12:00",599
Heralding,"2025-04-08 00:00",595
Heralding,"2025-04-08 12:00",660
Heralding,"2025-04-09 00:00",623
Heralding,"2025-04-09 12:00",593
Heralding,"2025-04-10 00:00",2k
Heralding,"2025-04-10 12:00",5k
Heralding,"2025-04-11 00:00",4k
Heralding,"2025-04-11 12:00",1k
Heralding,"2025-04-12 00:00",1k
Heralding,"2025-04-12 12:00",1k
Heralding,"2025-04-13 00:00",8k
Heralding,"2025-04-13 12:00",825
Heralding,"2025-04-14 00:00",146
Sentrypeer,"2025-03-15 00:00","-"
Sentrypeer,"2025-03-15 12:00","-"
Sentrypeer,"2025-03-16 00:00","-"
Sentrypeer,"2025-03-16 12:00","-"
Sentrypeer,"2025-03-17 00:00","-"
Sentrypeer,"2025-03-17 12:00","-"
Sentrypeer,"2025-03-18 00:00","-"
Sentrypeer,"2025-03-18 12:00","-"
Sentrypeer,"2025-03-19 00:00","-"
Sentrypeer,"2025-03-19 12:00","-"
Sentrypeer,"2025-03-20 00:00","-"
Sentrypeer,"2025-03-20 12:00","-"
Sentrypeer,"2025-03-21 00:00","-"
Sentrypeer,"2025-03-21 12:00","-"
Sentrypeer,"2025-03-22 00:00","-"
Sentrypeer,"2025-03-22 12:00","-"
Sentrypeer,"2025-03-23 00:00","-"
Sentrypeer,"2025-03-23 12:00","-"
Sentrypeer,"2025-03-24 00:00","-"
Sentrypeer,"2025-03-24 12:00","-"
Sentrypeer,"2025-03-25 00:00","-"
Sentrypeer,"2025-03-25 12:00","-"
Sentrypeer,"2025-03-26 00:00","-"
Sentrypeer,"2025-03-26 12:00","-"
Sentrypeer,"2025-03-27 00:00","-"
Sentrypeer,"2025-03-27 12:00","-"
Sentrypeer,"2025-03-28 00:00","-"
Sentrypeer,"2025-03-28 12:00","-"
Sentrypeer,"2025-03-29 00:00","-"
Sentrypeer,"2025-03-29 12:00","-"
Sentrypeer,"2025-03-30 00:00","-"
Sentrypeer,"2025-03-30 12:00","-"
Sentrypeer,"2025-03-31 00:00","-"
Sentrypeer,"2025-03-31 12:00","-"
Sentrypeer,"2025-04-01 00:00",10
Sentrypeer,"2025-04-01 12:00",1k
Sentrypeer,"2025-04-02 00:00",2k
Sentrypeer,"2025-04-02 12:00",3k
Sentrypeer,"2025-04-03 00:00",505
Sentrypeer,"2025-04-03 12:00",140
Sentrypeer,"2025-04-04 00:00",204
Sentrypeer,"2025-04-04 12:00",50
Sentrypeer,"2025-04-05 00:00",10
Sentrypeer,"2025-04-05 12:00",88
Sentrypeer,"2025-04-06 00:00",299
Sentrypeer,"2025-04-06 12:00",192
Sentrypeer,"2025-04-07 00:00",830
Sentrypeer,"2025-04-07 12:00",1k
Sentrypeer,"2025-04-08 00:00",24
Sentrypeer,"2025-04-08 12:00",59
Sentrypeer,"2025-04-09 00:00",63
Sentrypeer,"2025-04-09 12:00",80
Sentrypeer,"2025-04-10 00:00",81
Sentrypeer,"2025-04-10 12:00",84
Sentrypeer,"2025-04-11 00:00",88
Sentrypeer,"2025-04-11 12:00",529
Sentrypeer,"2025-04-12 00:00",2k
Sentrypeer,"2025-04-12 12:00",2k
Sentrypeer,"2025-04-13 00:00",2k
Sentrypeer,"2025-04-13 12:00",1k
Sentrypeer,"2025-04-14 00:00",218
Tanner,"2025-03-15 00:00","-"
Tanner,"2025-03-15 12:00","-"
Tanner,"2025-03-16 00:00","-"
Tanner,"2025-03-16 12:00","-"
Tanner,"2025-03-17 00:00","-"
Tanner,"2025-03-17 12:00","-"
Tanner,"2025-03-18 00:00","-"
Tanner,"2025-03-18 12:00","-"
Tanner,"2025-03-19 00:00","-"
Tanner,"2025-03-19 12:00","-"
Tanner,"2025-03-20 00:00","-"
Tanner,"2025-03-20 12:00","-"
Tanner,"2025-03-21 00:00","-"
Tanner,"2025-03-21 12:00","-"
Tanner,"2025-03-22 00:00","-"
Tanner,"2025-03-22 12:00","-"
Tanner,"2025-03-23 00:00","-"
Tanner,"2025-03-23 12:00","-"
Tanner,"2025-03-24 00:00","-"
Tanner,"2025-03-24 12:00","-"
Tanner,"2025-03-25 00:00","-"
Tanner,"2025-03-25 12:00","-"
Tanner,"2025-03-26 00:00","-"
Tanner,"2025-03-26 12:00","-"
Tanner,"2025-03-27 00:00","-"
Tanner,"2025-03-27 12:00","-"
Tanner,"2025-03-28 00:00","-"
Tanner,"2025-03-28 12:00","-"
Tanner,"2025-03-29 00:00","-"
Tanner,"2025-03-29 12:00","-"
Tanner,"2025-03-30 00:00","-"
Tanner,"2025-03-30 12:00","-"
Tanner,"2025-03-31 00:00","-"
Tanner,"2025-03-31 12:00","-"
Tanner,"2025-04-01 00:00",15
Tanner,"2025-04-01 12:00",248
Tanner,"2025-04-02 00:00",133
Tanner,"2025-04-02 12:00",511
Tanner,"2025-04-03 00:00",141
Tanner,"2025-04-03 12:00",284
Tanner,"2025-04-04 00:00",216
Tanner,"2025-04-04 12:00",545
Tanner,"2025-04-05 00:00",562
Tanner,"2025-04-05 12:00",294
Tanner,"2025-04-06 00:00",525
Tanner,"2025-04-06 12:00",267
Tanner,"2025-04-07 00:00",118
Tanner,"2025-04-07 12:00",97
Tanner,"2025-04-08 00:00",312
Tanner,"2025-04-08 12:00",286
Tanner,"2025-04-09 00:00",198
Tanner,"2025-04-09 12:00",443
Tanner,"2025-04-10 00:00",483
Tanner,"2025-04-10 12:00",696
Tanner,"2025-04-11 00:00",450
Tanner,"2025-04-11 12:00",283
Tanner,"2025-04-12 00:00",219
Tanner,"2025-04-12 12:00",257
Tanner,"2025-04-13 00:00",393
Tanner,"2025-04-13 12:00",3k
Tanner,"2025-04-14 00:00",137
H0neytr4p,"2025-03-15 00:00","-"
H0neytr4p,"2025-03-15 12:00","-"
H0neytr4p,"2025-03-16 00:00","-"
H0neytr4p,"2025-03-16 12:00","-"
H0neytr4p,"2025-03-17 00:00","-"
H0neytr4p,"2025-03-17 12:00","-"
H0neytr4p,"2025-03-18 00:00","-"
H0neytr4p,"2025-03-18 12:00","-"
H0neytr4p,"2025-03-19 00:00","-"
H0neytr4p,"2025-03-19 12:00","-"
H0neytr4p,"2025-03-20 00:00","-"
H0neytr4p,"2025-03-20 12:00","-"
H0neytr4p,"2025-03-21 00:00","-"
H0neytr4p,"2025-03-21 12:00","-"
H0neytr4p,"2025-03-22 00:00","-"
H0neytr4p,"2025-03-22 12:00","-"
H0neytr4p,"2025-03-23 00:00","-"
H0neytr4p,"2025-03-23 12:00","-"
H0neytr4p,"2025-03-24 00:00","-"
H0neytr4p,"2025-03-24 12:00","-"
H0neytr4p,"2025-03-25 00:00","-"
H0neytr4p,"2025-03-25 12:00","-"
H0neytr4p,"2025-03-26 00:00","-"
H0neytr4p,"2025-03-26 12:00","-"
H0neytr4p,"2025-03-27 00:00","-"
H0neytr4p,"2025-03-27 12:00","-"
H0neytr4p,"2025-03-28 00:00","-"
H0neytr4p,"2025-03-28 12:00","-"
H0neytr4p,"2025-03-29 00:00","-"
H0neytr4p,"2025-03-29 12:00","-"
H0neytr4p,"2025-03-30 00:00","-"
H0neytr4p,"2025-03-30 12:00","-"
H0neytr4p,"2025-03-31 00:00","-"
H0neytr4p,"2025-03-31 12:00","-"
H0neytr4p,"2025-04-01 00:00",186
H0neytr4p,"2025-04-01 12:00",584
H0neytr4p,"2025-04-02 00:00",198
H0neytr4p,"2025-04-02 12:00",142
H0neytr4p,"2025-04-03 00:00",124
H0neytr4p,"2025-04-03 12:00",140
H0neytr4p,"2025-04-04 00:00",159
H0neytr4p,"2025-04-04 12:00",131
H0neytr4p,"2025-04-05 00:00",165
H0neytr4p,"2025-04-05 12:00",72
H0neytr4p,"2025-04-06 00:00",680
H0neytr4p,"2025-04-06 12:00",167
H0neytr4p,"2025-04-07 00:00",109
H0neytr4p,"2025-04-07 12:00",160
H0neytr4p,"2025-04-08 00:00",124
H0neytr4p,"2025-04-08 12:00",152
H0neytr4p,"2025-04-09 00:00",257
H0neytr4p,"2025-04-09 12:00",83
H0neytr4p,"2025-04-10 00:00",277
H0neytr4p,"2025-04-10 12:00",53
H0neytr4p,"2025-04-11 00:00",60
H0neytr4p,"2025-04-11 12:00",47
H0neytr4p,"2025-04-12 00:00",216
H0neytr4p,"2025-04-12 12:00",43
H0neytr4p,"2025-04-13 00:00",179
H0neytr4p,"2025-04-13 12:00",200
H0neytr4p,"2025-04-14 00:00",6
Redishoneypot,"2025-03-15 00:00","-"
Redishoneypot,"2025-03-15 12:00","-"
Redishoneypot,"2025-03-16 00:00","-"
Redishoneypot,"2025-03-16 12:00","-"
Redishoneypot,"2025-03-17 00:00","-"
Redishoneypot,"2025-03-17 12:00","-"
Redishoneypot,"2025-03-18 00:00","-"
Redishoneypot,"2025-03-18 12:00","-"
Redishoneypot,"2025-03-19 00:00","-"
Redishoneypot,"2025-03-19 12:00","-"
Redishoneypot,"2025-03-20 00:00","-"
Redishoneypot,"2025-03-20 12:00","-"
Redishoneypot,"2025-03-21 00:00","-"
Redishoneypot,"2025-03-21 12:00","-"
Redishoneypot,"2025-03-22 00:00","-"
Redishoneypot,"2025-03-22 12:00","-"
Redishoneypot,"2025-03-23 00:00","-"
Redishoneypot,"2025-03-23 12:00","-"
Redishoneypot,"2025-03-24 00:00","-"
Redishoneypot,"2025-03-24 12:00","-"
Redishoneypot,"2025-03-25 00:00","-"
Redishoneypot,"2025-03-25 12:00","-"
Redishoneypot,"2025-03-26 00:00","-"
Redishoneypot,"2025-03-26 12:00","-"
Redishoneypot,"2025-03-27 00:00","-"
Redishoneypot,"2025-03-27 12:00","-"
Redishoneypot,"2025-03-28 00:00","-"
Redishoneypot,"2025-03-28 12:00","-"
Redishoneypot,"2025-03-29 00:00","-"
Redishoneypot,"2025-03-29 12:00","-"
Redishoneypot,"2025-03-30 00:00","-"
Redishoneypot,"2025-03-30 12:00","-"
Redishoneypot,"2025-03-31 00:00","-"
Redishoneypot,"2025-03-31 12:00","-"
Redishoneypot,"2025-04-01 00:00",34
Redishoneypot,"2025-04-01 12:00",92
Redishoneypot,"2025-04-02 00:00",104
Redishoneypot,"2025-04-02 12:00",133
Redishoneypot,"2025-04-03 00:00",105
Redishoneypot,"2025-04-03 12:00",127
Redishoneypot,"2025-04-04 00:00",77
Redishoneypot,"2025-04-04 12:00",640
Redishoneypot,"2025-04-05 00:00",100
Redishoneypot,"2025-04-05 12:00",84
Redishoneypot,"2025-04-06 00:00",113
Redishoneypot,"2025-04-06 12:00",115
Redishoneypot,"2025-04-07 00:00",123
Redishoneypot,"2025-04-07 12:00",102
Redishoneypot,"2025-04-08 00:00",45
Redishoneypot,"2025-04-08 12:00",145
Redishoneypot,"2025-04-09 00:00",82
Redishoneypot,"2025-04-09 12:00",91
Redishoneypot,"2025-04-10 00:00",118
Redishoneypot,"2025-04-10 12:00",73
Redishoneypot,"2025-04-11 00:00",117
Redishoneypot,"2025-04-11 12:00",116
Redishoneypot,"2025-04-12 00:00",1k
Redishoneypot,"2025-04-12 12:00",143
Redishoneypot,"2025-04-13 00:00",104
Redishoneypot,"2025-04-13 12:00",100
Redishoneypot,"2025-04-14 00:00",35
Adbhoney,"2025-03-15 00:00","-"
Adbhoney,"2025-03-15 12:00","-"
Adbhoney,"2025-03-16 00:00","-"
Adbhoney,"2025-03-16 12:00","-"
Adbhoney,"2025-03-17 00:00","-"
Adbhoney,"2025-03-17 12:00","-"
Adbhoney,"2025-03-18 00:00","-"
Adbhoney,"2025-03-18 12:00","-"
Adbhoney,"2025-03-19 00:00","-"
Adbhoney,"2025-03-19 12:00","-"
Adbhoney,"2025-03-20 00:00","-"
Adbhoney,"2025-03-20 12:00","-"
Adbhoney,"2025-03-21 00:00","-"
Adbhoney,"2025-03-21 12:00","-"
Adbhoney,"2025-03-22 00:00","-"
Adbhoney,"2025-03-22 12:00","-"
Adbhoney,"2025-03-23 00:00","-"
Adbhoney,"2025-03-23 12:00","-"
Adbhoney,"2025-03-24 00:00","-"
Adbhoney,"2025-03-24 12:00","-"
Adbhoney,"2025-03-25 00:00","-"
Adbhoney,"2025-03-25 12:00","-"
Adbhoney,"2025-03-26 00:00","-"
Adbhoney,"2025-03-26 12:00","-"
Adbhoney,"2025-03-27 00:00","-"
Adbhoney,"2025-03-27 12:00","-"
Adbhoney,"2025-03-28 00:00","-"
Adbhoney,"2025-03-28 12:00","-"
Adbhoney,"2025-03-29 00:00","-"
Adbhoney,"2025-03-29 12:00","-"
Adbhoney,"2025-03-30 00:00","-"
Adbhoney,"2025-03-30 12:00","-"
Adbhoney,"2025-03-31 00:00","-"
Adbhoney,"2025-03-31 12:00","-"
Adbhoney,"2025-04-01 00:00",56
Adbhoney,"2025-04-01 12:00",111
Adbhoney,"2025-04-02 00:00",186
Adbhoney,"2025-04-02 12:00",69
Adbhoney,"2025-04-03 00:00",116
Adbhoney,"2025-04-03 12:00",136
Adbhoney,"2025-04-04 00:00",135
Adbhoney,"2025-04-04 12:00",91
Adbhoney,"2025-04-05 00:00",233
Adbhoney,"2025-04-05 12:00",165
Adbhoney,"2025-04-06 00:00",135
Adbhoney,"2025-04-06 12:00",125
Adbhoney,"2025-04-07 00:00",167
Adbhoney,"2025-04-07 12:00",132
Adbhoney,"2025-04-08 00:00",174
Adbhoney,"2025-04-08 12:00",120
Adbhoney,"2025-04-09 00:00",167
Adbhoney,"2025-04-09 12:00",117
Adbhoney,"2025-04-10 00:00",166
Adbhoney,"2025-04-10 12:00",123
Adbhoney,"2025-04-11 00:00",198
Adbhoney,"2025-04-11 12:00",158
Adbhoney,"2025-04-12 00:00",234
Adbhoney,"2025-04-12 12:00",269
Adbhoney,"2025-04-13 00:00",177
Adbhoney,"2025-04-13 12:00",209
Adbhoney,"2025-04-14 00:00",86
Mailoney,"2025-03-15 00:00","-"
Mailoney,"2025-03-15 12:00","-"
Mailoney,"2025-03-16 00:00","-"
Mailoney,"2025-03-16 12:00","-"
Mailoney,"2025-03-17 00:00","-"
Mailoney,"2025-03-17 12:00","-"
Mailoney,"2025-03-18 00:00","-"
Mailoney,"2025-03-18 12:00","-"
Mailoney,"2025-03-19 00:00","-"
Mailoney,"2025-03-19 12:00","-"
Mailoney,"2025-03-20 00:00","-"
Mailoney,"2025-03-20 12:00","-"
Mailoney,"2025-03-21 00:00","-"
Mailoney,"2025-03-21 12:00","-"
Mailoney,"2025-03-22 00:00","-"
Mailoney,"2025-03-22 12:00","-"
Mailoney,"2025-03-23 00:00","-"
Mailoney,"2025-03-23 12:00","-"
Mailoney,"2025-03-24 00:00","-"
Mailoney,"2025-03-24 12:00","-"
Mailoney,"2025-03-25 00:00","-"
Mailoney,"2025-03-25 12:00","-"
Mailoney,"2025-03-26 00:00","-"
Mailoney,"2025-03-26 12:00","-"
Mailoney,"2025-03-27 00:00","-"
Mailoney,"2025-03-27 12:00","-"
Mailoney,"2025-03-28 00:00","-"
Mailoney,"2025-03-28 12:00","-"
Mailoney,"2025-03-29 00:00","-"
Mailoney,"2025-03-29 12:00","-"
Mailoney,"2025-03-30 00:00","-"
Mailoney,"2025-03-30 12:00","-"
Mailoney,"2025-03-31 00:00","-"
Mailoney,"2025-03-31 12:00","-"
Mailoney,"2025-04-01 00:00",3
Mailoney,"2025-04-01 12:00",28
Mailoney,"2025-04-02 00:00",21
Mailoney,"2025-04-02 12:00",20
Mailoney,"2025-04-03 00:00",23
Mailoney,"2025-04-03 12:00",22
Mailoney,"2025-04-04 00:00",41
Mailoney,"2025-04-04 12:00",118
Mailoney,"2025-04-05 00:00",94
Mailoney,"2025-04-05 12:00",68
Mailoney,"2025-04-06 00:00",61
Mailoney,"2025-04-06 12:00",56
Mailoney,"2025-04-07 00:00",59
Mailoney,"2025-04-07 12:00",75
Mailoney,"2025-04-08 00:00",35
Mailoney,"2025-04-08 12:00",18
Mailoney,"2025-04-09 00:00",34
Mailoney,"2025-04-09 12:00",53
Mailoney,"2025-04-10 00:00",70
Mailoney,"2025-04-10 12:00",19
Mailoney,"2025-04-11 00:00",38
Mailoney,"2025-04-11 12:00",10
Mailoney,"2025-04-12 00:00",129
Mailoney,"2025-04-12 12:00",229
Mailoney,"2025-04-13 00:00",264
Mailoney,"2025-04-13 12:00",134
Mailoney,"2025-04-14 00:00",11
